{
    "0": 0.10721910205869346,
    "1": 0.17830133202252121,
    "2": 0.17295523168735658,
    "3": 0.13098808594748537,
    "4": 0.12190775936337551,
    "5": 0.18613164053151773,
    "6": 0.10249684838905031
}