{
    "model_version": "3.0.0",
    "training_date": "2025-10-05 19:22:30",
    "k_clusters": 7,
    "sequence_length": 3,
    "input_dim": 13,
    "output_dim": 7,
    "cv_accuracy_mean": 0.8772487274107821,
    "cv_accuracy_std": 0.21240653814566215,
    "cv_f1_mean": 0.8601515886143837,
    "cv_f1_std": 0.2471463431871891,
    "training_times": [
        51.79666,
        62.948268,
        65.189073,
        90.45837,
        95.154425
    ],
    "total_training_time": 365.546796,
    "gpu_optimized": true,
    "cluster_weights": {
        "0": 0.10721910205869346,
        "1": 0.17830133202252121,
        "2": 0.17295523168735658,
        "3": 0.13098808594748537,
        "4": 0.12190775936337551,
        "5": 0.18613164053151773,
        "6": 0.10249684838905031
    }
}