{
    "model_version": "3.0.0",
    "training_date": "2025-10-05 20:33:56",
    "k_clusters": 7,
    "sequence_length": 3,
    "input_dim": 13,
    "output_dim": 7,
    "cv_accuracy_mean": 0.85193244684395,
    "cv_accuracy_std": 0.1525670974716785,
    "cv_f1_mean": 0.8307146203350924,
    "cv_f1_std": 0.18431737712636842,
    "training_times": [
        21.07938,
        29.514642,
        33.324087,
        42.276832,
        47.459401
    ],
    "total_training_time": 173.65434199999999,
    "gpu_optimized": false,
    "cluster_weights": {
        "0": 0.10721910205869346,
        "1": 0.17830133202252121,
        "2": 0.17295523168735658,
        "3": 0.13098808594748537,
        "4": 0.12190775936337551,
        "5": 0.18613164053151773,
        "6": 0.10249684838905031
    }
}